{"_id":"xqD5RbBqLcqxMHHE","name":"Amorous","type":"hindrance","img":"modules/Fantasy-Companion/assets/icons/hindrance.svg","data":{"description":"<p>The character is easily enamoured with a pretty face. Perhaps it&rsquo;s lust or lechery, or perhaps he just has a keen appreciation of natural beauty. Amorous characters suffer an additional &minus;2 penalty to resist Tests by any character with the Attractive or Very Attractive Edge.</p>","notes":"","additionalStats":{},"favorite":false,"major":false,"source":"Fantasy"},"effects":[],"folder":null,"sort":0,"permission":{"default":0,"apRylOkiWzEcKH9z":3},"flags":{"cf":{"id":"temp_uy0ntknj0he","path":"Fantasy Companion#/CF_SEP/New Hinderances","color":"#7370ff"}}}
{"_id":"jTGHws9skV5XL09J","name":"Arcane Sensitivity","type":"hindrance","img":"modules/Fantasy-Companion/assets/icons/hindrance.svg","data":{"description":"<p>A spell gone wrong, an old curse, a strange bloodline, or some other mishap caused your hero to be more susceptible to arcane energy than others. As a Minor Hindrance, subtract 2 when making a Trait roll to resist a power, including arcane creature abilities (GM&rsquo;s call). Subtract 4 as a Major Hindrance.</p>","notes":"","additionalStats":{},"favorite":false,"major":false,"source":""},"effects":[],"folder":null,"sort":0,"permission":{"default":0,"apRylOkiWzEcKH9z":3},"flags":{"cf":{"id":"temp_uy0ntknj0he","path":"Fantasy Companion#/CF_SEP/New Hinderances","color":"#7370ff"}}}
{"_id":"XevqYsykW96CO9nM","name":"Armor Interference","type":"hindrance","img":"modules/Fantasy-Companion/assets/icons/hindrance.svg","data":{"description":"<p>This Hindrance may only be taken by those with an Arcane Background. Those with this Hindrance subtract 4 from arcane skill rolls, and cannot use other abilities granted by their Arcane Background Edge or any Edge that has Arcane Background as a Requirement when wearing medium or heavy armor, or using a medium or heavy shield. The character may wear cloth or light armor, or use light shields, without interference. As a Major Hindrance, the penalty also applies to light armor.</p>","notes":"","additionalStats":{},"favorite":false,"major":false,"source":""},"effects":[],"folder":null,"sort":0,"permission":{"default":0,"apRylOkiWzEcKH9z":3},"flags":{"cf":{"id":"temp_uy0ntknj0he","path":"Fantasy Companion#/CF_SEP/New Hinderances","color":"#7370ff"}}}
{"_id":"6mta1yQHr1xafJli","name":"Blunderer (Major)","type":"hindrance","img":"modules/Fantasy-Companion/assets/icons/hindrance.svg","data":{"description":"<p>Some heroes take a while to master their craft. Select a skill central to your character, such as Spellcasting for a wizard or Fighting for a warrior. The hero suffers a Critical Failure whenever she fails a roll and that skill die is a 1.</p>","notes":"","additionalStats":{},"favorite":false,"major":true,"source":""},"effects":[],"folder":null,"sort":0,"permission":{"default":0,"apRylOkiWzEcKH9z":3},"flags":{"cf":{"id":"temp_uy0ntknj0he","path":"Fantasy Companion#/CF_SEP/New Hinderances","color":"#7370ff"}}}
{"_id":"KvJziq96hDb1aDoQ","name":"Corruption (Major)","type":"hindrance","img":"modules/Fantasy-Companion/assets/icons/hindrance.svg","data":{"description":"<p>This Hindrance may only be taken by a character with an Arcane Background. The caster&rsquo;s magic draws on some foul, evil, or tainted source. Whenever he rolls a Critical Failure on his arcane skill roll, he gains a new Minor Hindrance, or trades or upgrades a Minor Hindrance gained by Corruption for a Major Hindrance, that reflects his degrading mind and body. A wizard might become Jealous (Minor), for example, as he realizes how difficult it is to gather his power. Then Bloodthirsty (Major) as his rage turns to violent thoughts. These Hindrances last until the spell user&rsquo;s next Advance, at which time he may remove one Minor Hindrance, or reduce or trade a Major Hindrance for a Minor. This is in addition to his regular Advance.</p>","notes":"","additionalStats":{},"favorite":false,"major":true,"source":""},"effects":[],"folder":null,"sort":0,"permission":{"default":0,"apRylOkiWzEcKH9z":3},"flags":{"cf":{"id":"temp_uy0ntknj0he","path":"Fantasy Companion#/CF_SEP/New Hinderances","color":"#7370ff"}}}
{"_id":"LRZpEv0IzOJ21yuw","name":"Cursed (Major)","type":"hindrance","img":"modules/Fantasy-Companion/assets/icons/hindrance.svg","data":{"description":"<p>our heroine crossed some dark power and has forever after been marked by its tainted touch. Beneficial magical powers and effects intended to aid her, including those cast by allies or even herself, suffer a &ndash;2 penalty to the arcane skill roll. Worse, if the roll is a Critical Failure, the caster is Stunned! The penalty applies if the Cursed character is within an area effect power or targeted by the Additional Recipients modifier. The Curse has no effect on hostile powers.</p>","notes":"","additionalStats":{},"favorite":false,"major":true,"source":""},"effects":[],"folder":null,"sort":0,"permission":{"default":0,"apRylOkiWzEcKH9z":3},"flags":{"cf":{"id":"temp_uy0ntknj0he","path":"Fantasy Companion#/CF_SEP/New Hinderances","color":"#7370ff"}}}
{"_id":"gBpssjdiBgIiplga","name":"Doomed (Major)","type":"hindrance","img":"modules/Fantasy-Companion/assets/icons/hindrance.svg","data":{"description":"<p>Death is eager for your hero. Perhaps she cheated it at some point in her path, or was brought back from the dead and owes the Ferryman a fee. Whatever the reason, the heroine subtracts 2 from Soak rolls.</p>","notes":"","additionalStats":{},"favorite":false,"major":true,"source":""},"effects":[],"folder":null,"sort":0,"permission":{"default":0,"apRylOkiWzEcKH9z":3},"flags":{"cf":{"id":"temp_uy0ntknj0he","path":"Fantasy Companion#/CF_SEP/New Hinderances","color":"#7370ff"}}}
{"_id":"hhlajujcIDVi2J0U","name":"Grim","type":"hindrance","img":"modules/Fantasy-Companion/assets/icons/hindrance.svg","data":{"description":"<p>The hero is serious, taciturn, and finds mirth tiresome. He&rsquo;s Provoked (see Savage Worlds) on any successful Taunt&mdash;whether the opponent has the Provoke Edge or not. Provoked characters subtract 2 from rolls to affect any opponent except the one who insulted him. This lasts until a Joker is drawn (by either side) or someone else successfully Taunts the dour ruffian. Grim also counts as a Requirement for the Menacing Edge (see Savage Worlds).</p>","notes":"","additionalStats":{},"favorite":false,"major":false,"source":""},"effects":[],"folder":null,"sort":0,"permission":{"default":0,"apRylOkiWzEcKH9z":3},"flags":{"cf":{"id":"temp_uy0ntknj0he","path":"Fantasy Companion#/CF_SEP/New Hinderances","color":"#7370ff"}}}
{"_id":"EkNaWd7WZtWKppDV","name":"Idealistic","type":"hindrance","img":"modules/Fantasy-Companion/assets/icons/hindrance.svg","data":{"description":"<p>You see things in black and white and struggle with more nuanced dilemmas. Most of the time this is an admirable virtue, but it causes great issues when on the horns of a moral dilemma, such as whether to hand a starving poacher over to the king&rsquo;s guards or let him get away with his desperate but perhaps necessary crime.</p>","notes":"","additionalStats":{},"favorite":false,"major":false,"source":""},"effects":[],"folder":null,"sort":0,"permission":{"default":0,"apRylOkiWzEcKH9z":3},"flags":{"cf":{"id":"temp_uy0ntknj0he","path":"Fantasy Companion#/CF_SEP/New Hinderances","color":"#7370ff"}}}
{"_id":"7tu6SmhbNot4P9PU","name":"Jingoistic","type":"hindrance","img":"modules/Fantasy-Companion/assets/icons/hindrance.svg","data":{"description":"<p>The character dislikes people from other cultures and believes his own to be far superior&mdash;a snooty city dweller, for example, might dislike &ldquo;uncouth&rdquo; barbarians or the citizens of a rival city state. He cannot help belittling other cultures at every opportunity. As a Minor Hindrance, the targets of his ire may not benefit from his Command Edges. He cannot keep from insulting them and subtracts 2 from Persuasion rolls when interacting with them. The penalty increases to &minus;4 for the Major Hindrance.</p>","notes":"","additionalStats":{},"favorite":false,"major":false,"source":""},"effects":[],"folder":null,"sort":0,"permission":{"default":0,"apRylOkiWzEcKH9z":3},"flags":{"cf":{"id":"temp_uy0ntknj0he","path":"Fantasy Companion#/CF_SEP/New Hinderances","color":"#7370ff"}}}
{"_id":"zie9nc5mtmoCWSjy","name":"Material Components (Major)","type":"hindrance","img":"modules/Fantasy-Companion/assets/icons/hindrance.svg","data":{"description":"<p>This Hindrance may only be taken by those with an Arcane Background. The spellcaster&rsquo;s powers consume material items. Maybe a wizard needs a piece of brimstone to cast a fireball (blast with a fire Trapping) or a priestess needs a splash of holy water for her goddess to grant smite. Such items are assumed to be at hand&mdash; usually in a pocket, bag, or convenient pouch. If the caster is ever stripped of her possessions and can&rsquo;t get the materials she needs, she reduces all arcane skill rolls by 4 until they&rsquo;re restored (50gp x the caster&rsquo;s Rank at a shop or a day&rsquo;s worth of gathering or foraging in an appropriate environment with a Survival roll per Rank). A caster also runs out of material components if she rolls a Critical Failure and may replenish as above.</p>","notes":"","additionalStats":{},"favorite":false,"major":true,"source":""},"effects":[],"folder":null,"sort":0,"permission":{"default":0,"apRylOkiWzEcKH9z":3},"flags":{"cf":{"id":"temp_uy0ntknj0he","path":"Fantasy Companion#/CF_SEP/New Hinderances","color":"#7370ff"}}}
{"_id":"lbw4xZ3D8VRWIWNq","name":"Selfless","type":"hindrance","img":"modules/Fantasy-Companion/assets/icons/hindrance.svg","data":{"description":"<p>You think of others before yourself. You sleep on the floor to give another the bed. You pretend to be full to give your friends the last bite of meat. You stand before your friends when the dragon breathes fire. You buy the book that everyone else in your adventuring party reads&mdash;a true hero! The extent and frequency of your sacrifice determines whether this is a Minor or Major Hindrance.</p>","notes":"","additionalStats":{},"favorite":false,"major":true,"source":""},"effects":[],"folder":null,"sort":0,"permission":{"default":0,"apRylOkiWzEcKH9z":3},"flags":{"cf":{"id":"temp_uy0ntknj0he","path":"Fantasy Companion#/CF_SEP/New Hinderances","color":"#7370ff"}}}
{"_id":"asXUaK0m2Y2xuem3","name":"Talisman","type":"hindrance","img":"modules/Fantasy-Companion/assets/icons/hindrance.svg","data":{"description":"<p>Only characters with an Arcane Background Edge can take this Hindrance. The caster is dependent on a physical item to activate his powers. The Talisman might be a magic staff, a sacred symbol, a wand, a weapon, or any other transportable item. When caught without it, he subtracts 1 from all arcane skill rolls (&ndash;2 as a Major Hindrance), and is Stunned if the roll is a Critical Failure. Replacing a lost Talisman depends on the object, but should usually require getting it back from whoever took it. If it was destroyed, the Game Master should work with the player to figure out what might make a suitable replacement and how it might be gained.</p>","notes":"","additionalStats":{},"favorite":false,"major":false,"source":""},"effects":[],"folder":null,"sort":0,"permission":{"default":0,"apRylOkiWzEcKH9z":3},"flags":{"cf":{"id":"temp_uy0ntknj0he","path":"Fantasy Companion#/CF_SEP/New Hinderances","color":"#7370ff"}}}
