{
    "id": "Fantasy-Companion",
    "title": "Fantasy-Companion",
    "name": "Fantasy-Companion",
    "description": "A module containing personal Fantasy-Companion compendium as of v1.5",
    "version": "0.2.8",
    "library": "false",
    "packs": [
        {
            "name": "world-fantasy-companion-1664141080506",
            "label": "Fantasy-Companion",
            "system": "swade",
            "path": "packs/world-fantasy-companion-1664141080506.db",
            "module": "Fantasy-Companion",
            "type": "Item"
        },
        {
            "name": "fantasy-companion-edges",
            "label": "Edges",
            "system": "swade",
            "path": "packs/fantasy-companion-edges.db",
            "module": "Fantasy-Companion",
            "type": "Item"
        },
        {
            "name": "fantasy-companion-hindrances",
            "label": "Hindrances",
            "system": "swade",
            "path": "packs/fantasy-companion-hindrances.db",
            "module": "Fantasy-Companion",
            "type": "Item"
        },
        {
            "name": "fantasy-companion-skills",
            "label": "Skills",
            "system": "swade",
            "path": "packs/fantasy-companion-skills.db",
            "module": "Fantasy-Companion",
            "type": "Item"
        },
        {
            "name": "fantasy-companion-equipment",
            "label": "Equipment",
            "system": "swade",
            "path": "packs/fantasy-companion-equipment.db",
            "module": "Fantasy-Companion",
            "type": "Item"
        }
    ],
    "authors": [
        {
            "name": "Rick",
            "email": "test@gmail.com",
            "url": "www.dummy.com"
        },
        {
            "name": "Steve",
            "email": "test@gmail.com",
            "url": "www.dummy.com"
        }
    ],
    "compatibility": {
        "minimum": "10",
        "verified": "10"
    },
    "url": "https://github.com/steveculshaw/Fantasy-Companion",
    "manifest": "https://raw.githubusercontent.com/steveculshaw/Fantasy-Companion/master/module.json",
    "download": "https://raw.githubusercontent.com/steveculshaw/Fantasy-Companion/master/Fantasy-Companion.zip"
}