{
    "name": "Fantasy-Companion",
    "title": "Fantasy-Companion",
    "description": "A module containing the exported Fantasy-Companion compendium",
    "version": "0.0.3",
    "library": "false",
    "manifestPlusVersion": "0.0.3",
    "minimumCoreVersion": "9",
    "packs": [
        {
            "type": "Item",
            "label": "Fantasy-Companion",
            "module": "Fantasy-Companion",
            "path": "packs/world-fantasy-companion-1664141080506.db",
            "name": "world-fantasy-companion-1664141080506",
            "system": "swade"
        }
    ],
    "manifest": "https://raw.githubusercontent.com/steveculshaw/Fantasy-Companion/master/module.json",
    "download": "https://raw.githubusercontent.com/steveculshaw/Fantasy-Companion/master/Fantasy-Companion.zip",
    "id": "Fantasy-Companion",
    "authors": [
        {
            "name": "Rick",
            "flags": {}
        },
        {
            "name": "Steve",
            "flags": {}
        }
    ],
    "compatibility": {
        "minimum": "10",
        "verified": "10"
    }
}